"relative_path","bytes","sha256"
"protocol/evrptw_fleet_policy.py","1170","D89213812E7365441D29182077921DA94D1FE2710F0ECD1DD0EAACBC350605B0"
"protocol/evrptw_v3_repair.py","16725","113BECF9308C07979AABB7D270CC6ACA9BFFD7F674B08F2417EA8E73F01304D3"
"protocol/feasibility_checker.py","26656","CB3CB4EDD21D9F915C2B7406CE3EEAFF99E004AB75DE2CBD5EB3C3ED11D6255C"
"protocol/fleet_compaction.py","8814","D17E37D15D2AD17621C55CACEE67601C827C3378548FAF1EADD82F7D60C3E949"
"protocol/instance_loader.py","10189","683A05152D51253FD533E83464723730F67995F8E331BDCADF55D8345D4AC189"
"protocol/parse_schneider_instance.py","7740","951FC2B738092BD9EC0D46CB28F2CB4E5B94942E6CFFAA4F16F76BE8EAAC30A6"
"protocol/routefinder_evrptw_repair_pipeline.py","34377","BE1D8A2C834697D2DFE6036E04E230908958590B83C965991C1810C3E9736521"
"protocol/run_week5_three_group_stability.ps1","30332","AA1CB0B7BB5DBD3236F309DC17755857EB5E5291B3560051409860A391D5C8B7"
"protocol/summarize_three_group_stability.py","39250","470DC8784CB6A028BEA34990440C14178A913EA92D34AABC766477385122FFF2"
"protocol/validate_stability_result.py","16453","B92376ABCB8BDDA6B7FADD7061702E3C6ECC167C9DF849D21EA0949D27519048"
"protocol/week5_three_group_stability.json","3921","8046CE2840EA77DED955EFDA92DD47A8E11407F0EAC7F520A56BC4621F258876"
"raw/batch_events.jsonl","88420","99060E79E295D8A326CC39C00A66CA1D69FF52A0379E008C102FFFA643A4DD02"
"raw/batch_index.json","29293","19A1D408D33EC9A0C6AA8918BB33D321AC396F420D300A0E96E0093D3FEF44DD"
"raw/runs/C/10/c101C10/pomo_repair/seed-0001/checker.json","3768","F3AFDAF2DADEFB6D3F598F49924BFFA757BE1A07A3A29B12A244186235D45C92"
"raw/runs/C/10/c101C10/pomo_repair/seed-0001/result.json","20301","7981178E1A0A25CC80CFD3671FB2EA5E9D64D3E4851F97FB0CBF1B5E2D38EF21"
"raw/runs/C/10/c101C10/pomo_repair/seed-0001/runner.json","4105","35C746D9DB37653D120F88C657C80F75D588B2E218D40B35139194377F4DAD36"
"raw/runs/C/10/c101C10/pomo_repair/seed-0001/stderr.log","22","1C33377AD542575B6EA6ABAFFD6DE31B94C0E669CC388CD7D2D2D3FF4E1D67E1"
"raw/runs/C/10/c101C10/pomo_repair/seed-0001/stdout.log","1760","8D8E5575AFF4D11F219EC8355ACAEC059728CA67597E5025A591F7BE3D68E9A2"
"raw/runs/C/10/c101C10/pyga_checked/seed-0001/checker.json","5074","8F309CDFCCBE406CC9D03B62525D2D41A871004E949BD786A7E09BC16636B8A2"
"raw/runs/C/10/c101C10/pyga_checked/seed-0001/pyga.csv","4930","2B8532AF2EA59D89740D21CAB82F4E800BD173554B3D4F947352C11BF26978F6"
"raw/runs/C/10/c101C10/pyga_checked/seed-0001/pyga.log","9127","84B4FB0598C8EAFC20B6B5CE754F5D32AE575C1E43F941373508A2C45BF09E9C"
"raw/runs/C/10/c101C10/pyga_checked/seed-0001/result.json","58872","F8BD3AE53B957F728B5B96102A4E779A876F0E84264BF5DC8D33FDA00E495D8F"
"raw/runs/C/10/c101C10/pyga_checked/seed-0001/runner.json","4819","5838EF8091FB079C3339AAB4077261C4310A4C2A17B844D817C51EC802A2C3A0"
"raw/runs/C/10/c101C10/pyga_checked/seed-0001/stderr.log","22","1C33377AD542575B6EA6ABAFFD6DE31B94C0E669CC388CD7D2D2D3FF4E1D67E1"
"raw/runs/C/10/c101C10/pyga_checked/seed-0001/stdout.log","1482","ED360E60AD56E3EC964DE4BC7378E84477516212C4D83A31C763E1D2EACC8684"
"raw/runs/C/10/c101C10/pyvrp_repair/seed-0001/checker.json","3303","4F9D476EAFC8A52D65ADB075DB8CCB290014853368CC2903445FDD936243D9CA"
"raw/runs/C/10/c101C10/pyvrp_repair/seed-0001/result.json","12548","20FC6629003ED60986A50FECB860761FDDB3EE8031F27683F84E49B5EF80DD46"
"raw/runs/C/10/c101C10/pyvrp_repair/seed-0001/runner.json","4082","597FED1BCD1F68A44227F088BCB5310B3B9108BC7A2B403F15B39A75368EEDE6"
"raw/runs/C/10/c101C10/pyvrp_repair/seed-0001/stderr.log","22","1C33377AD542575B6EA6ABAFFD6DE31B94C0E669CC388CD7D2D2D3FF4E1D67E1"
"raw/runs/C/10/c101C10/pyvrp_repair/seed-0001/stdout.log","866","03F4FE77729DD7DAD1E0A9BE0C86AFB5866C36A15FB33FF5BF0765E1E560D82B"
"raw/runs/C/10/c101C10/routefinder_repair/seed-0001/checker.json","3816","2B904CED214D9E4AEAAA40467531B3AC9A418734784F69C7F8381FC7A41D4C75"
"raw/runs/C/10/c101C10/routefinder_repair/seed-0001/result.json","19710","ADADD72A190117B053F36095E2C27E8EE6E6B444AB78873AFFCDD901A32B0B44"
"raw/runs/C/10/c101C10/routefinder_repair/seed-0001/runner.json","4715","0A00F3D27B363BF7F63FC01E33C1C4D8276659B74FF3CD84991C8D0D590CAD75"
"raw/runs/C/10/c101C10/routefinder_repair/seed-0001/stderr.log","183","6477F5C1BCC021EC02A50C310CD6B819A8190BBEBED9C9FB44E5233705DF2E8F"
"raw/runs/C/10/c101C10/routefinder_repair/seed-0001/stdout.log","1226","0BBCA43774CEFB2E4B68BFD1F4715046F2756E35D6104791E9C2055BAB9D45CE"
"raw/runs/C/10/c101C10/vns_ts/seed-0001/checker.json","3293","437C48B6DEFA34A8326DBFD456E5F575074B44E9CB338362606ED52656ABB973"
"raw/runs/C/10/c101C10/vns_ts/seed-0001/result.json","324788","5BD917D87F453BF1D0E4CF9F19548B2B295650FD78A4253CCE713DD55C426991"
"raw/runs/C/10/c101C10/vns_ts/seed-0001/runner.json","4074","B9D70195B773DC64C86FFBED393BC5397941CAD056C9432B59BEE5826E07E1C6"
"raw/runs/C/10/c101C10/vns_ts/seed-0001/stderr.log","22","1C33377AD542575B6EA6ABAFFD6DE31B94C0E669CC388CD7D2D2D3FF4E1D67E1"
"raw/runs/C/10/c101C10/vns_ts/seed-0001/stdout.log","35218","AEA7CA3F4EAF65A46526937D752BA34972F4B06FE9D23416E24EB8DF18F2F5CF"
"raw/runs/C/15/c103C15/pomo_repair/seed-0001/checker.json","4067","5078AD301EAAB4D357A3302C6A3C5D2E53F7778E5BAA625A9D6FC1929BF85102"
"raw/runs/C/15/c103C15/pomo_repair/seed-0001/result.json","24233","CEFA8B92B881B0FA4DDE63F745227252807A76EFE30D75B6197E8EDE0258076D"
"raw/runs/C/15/c103C15/pomo_repair/seed-0001/runner.json","4105","418FE855AEF27B328BB473C99604871527E81E104DC2A4CD8B33F34A27B22798"
"raw/runs/C/15/c103C15/pomo_repair/seed-0001/stderr.log","22","1C33377AD542575B6EA6ABAFFD6DE31B94C0E669CC388CD7D2D2D3FF4E1D67E1"
"raw/runs/C/15/c103C15/pomo_repair/seed-0001/stdout.log","1454","C84799E9345131549C88E4F8CD7B62FCB50846DB8AC7FC0267B2C86B4942665A"
"raw/runs/C/15/c103C15/pyga_checked/seed-0001/checker.json","5796","A16861D9A442AB5521413049406D54BFF307A2D0BD4FFA57F92C83B69B7D8218"
"raw/runs/C/15/c103C15/pyga_checked/seed-0001/pyga.csv","4934","1563D072DB8169BEB3ADE8AAEADEB7F965205CF978C9EA44ECFC9A108AB43999"
"raw/runs/C/15/c103C15/pyga_checked/seed-0001/pyga.log","9148","0590C2C93577726453720AE5FAE433BD7A0BA3F45D357B78A742E03CEAD08B9C"
"raw/runs/C/15/c103C15/pyga_checked/seed-0001/result.json","61492","EA7870FC9A4FD054E8B76B1484E7ACF1E5C9DE3C412F193A60937FE574D63EF7"
"raw/runs/C/15/c103C15/pyga_checked/seed-0001/runner.json","4819","C5B07DF745468FB0944A1577CE6A1FAD28A46E7DA8F425933F1F90894A3413DF"
"raw/runs/C/15/c103C15/pyga_checked/seed-0001/stderr.log","22","1C33377AD542575B6EA6ABAFFD6DE31B94C0E669CC388CD7D2D2D3FF4E1D67E1"
"raw/runs/C/15/c103C15/pyga_checked/seed-0001/stdout.log","2056","3288DBA9EC1EB862DE278E96EE2C472E779B7FFDD58260DFC7345391F179B026"
"raw/runs/C/15/c103C15/pyvrp_repair/seed-0001/checker.json","3804","DB8116CFD5DCD4C6BDC01000E817B3B8CF3F17A5AD947EEFD3D9A367523522F1"
"raw/runs/C/15/c103C15/pyvrp_repair/seed-0001/result.json","14833","4447693C15C56A3DD77374D4668ABF9556874B40181517AC7AA8BA2AC1194CE4"
"raw/runs/C/15/c103C15/pyvrp_repair/seed-0001/runner.json","4082","4EAF27BB0CD275267E9ED2EFC8FB1AD86A69B38C1AB605DC569BCD2B1063A858"
"raw/runs/C/15/c103C15/pyvrp_repair/seed-0001/stderr.log","22","1C33377AD542575B6EA6ABAFFD6DE31B94C0E669CC388CD7D2D2D3FF4E1D67E1"
"raw/runs/C/15/c103C15/pyvrp_repair/seed-0001/stdout.log","866","E2FA6A5D0CC435AB4B351D9B16B13513D5D2CB16C17B2EB09576475500969FCC"
"raw/runs/C/15/c103C15/routefinder_repair/seed-0001/checker.json","4313","62E7E4DB8A546A1020540A2C6C245261B5D98C9C14E3C84EC05CD13292FBC831"
"raw/runs/C/15/c103C15/routefinder_repair/seed-0001/result.json","22626","239FC092528D15268C4BB2648DF0D6B36B402131697F4AC0C305374A937F9909"
"raw/runs/C/15/c103C15/routefinder_repair/seed-0001/runner.json","4714","792D875677DCAC47494B3FA0ED563DDFAB0EE02DC65C97ACF81743B0F3B94D21"
"raw/runs/C/15/c103C15/routefinder_repair/seed-0001/stderr.log","184","EA58A970F034B795EFDCD95A4CC189F4EA9CAF48B2AFF100173F0DA7B8A6C717"
"raw/runs/C/15/c103C15/routefinder_repair/seed-0001/stdout.log","1296","23BF29F1B251ED2A211D97C844EB83C82ECE1F2BBF2713188316BECB77A7E779"
"raw/runs/C/15/c103C15/vns_ts/seed-0001/checker.json","3383","174E5E95849C603997AC686FDC02A2E1C3700069C344358BEA596137D3654EF5"
"raw/runs/C/15/c103C15/vns_ts/seed-0001/result.json","221866","F8FDEDCCFBE06A2861D28DA0A991D8873EEDAAE8F4CE9FBEFB85D7978FAFCCCB"
"raw/runs/C/15/c103C15/vns_ts/seed-0001/runner.json","4075","99A8914B3E49B67C3767EEF444842E1FF77FA4932C7A3B1BF98E079CD3EAFAEA"
"raw/runs/C/15/c103C15/vns_ts/seed-0001/stderr.log","22","1C33377AD542575B6EA6ABAFFD6DE31B94C0E669CC388CD7D2D2D3FF4E1D67E1"
"raw/runs/C/15/c103C15/vns_ts/seed-0001/stdout.log","23664","E832FAEF17E7622543BFE3BAC391D15449A94239971F037FD5E277FF816165B3"
"raw/runs/C/5/c101C5/pomo_repair/seed-0001/checker.json","2749","69AF66E57E7F93DFDDF49D6D9B50E2E01FA0825F4EE5AE9C67E79762EA74275B"
"raw/runs/C/5/c101C5/pomo_repair/seed-0001/result.json","14591","2BF1EEFC4415CF29CE9234621038DECC39A566223FAF07A662A4F196B21B2C40"
"raw/runs/C/5/c101C5/pomo_repair/seed-0001/runner.json","4085","DAF7BE00273C128692224BE52A45CFE1FA345753C6326647C7E4DD1B0657513B"
"raw/runs/C/5/c101C5/pomo_repair/seed-0001/stderr.log","22","1C33377AD542575B6EA6ABAFFD6DE31B94C0E669CC388CD7D2D2D3FF4E1D67E1"
"raw/runs/C/5/c101C5/pomo_repair/seed-0001/stdout.log","978","A2D36292DD42FE8A10A79DFE83D352BC5BDC5188540E9A74EE72C993668A0428"
"raw/runs/C/5/c101C5/pyga_checked/seed-0001/checker.json","3247","A546D1E32510868E934A65D7F2A3B9100C1D2154983D0DE778AFE4852DA3E909"
"raw/runs/C/5/c101C5/pyga_checked/seed-0001/pyga.csv","4939","A3FA03B8DF98DE2136B1E05F71C9A59413452DADEEDF9B9455588A97D5016954"
"raw/runs/C/5/c101C5/pyga_checked/seed-0001/pyga.log","9009","EB990F6A309F663B5BED63A06EEAC4708241C60576F911A3FDF5B27A1BC15560"
"raw/runs/C/5/c101C5/pyga_checked/seed-0001/result.json","54689","775947DCAC65AAF38B04C709AA28178A00295A0B99B4BF596FDF3B6E0AAD04B3"
"raw/runs/C/5/c101C5/pyga_checked/seed-0001/runner.json","4787","E62740B54D250A22EE25D5C701BBD0B7EE137657855492494A3AE33F9BC315BE"
"raw/runs/C/5/c101C5/pyga_checked/seed-0001/stderr.log","22","1C33377AD542575B6EA6ABAFFD6DE31B94C0E669CC388CD7D2D2D3FF4E1D67E1"
"raw/runs/C/5/c101C5/pyga_checked/seed-0001/stdout.log","1223","0AA2769188369DF2409C624A6C428A5D6E7124AFEEC53ADA15E4B22540495B2B"
"raw/runs/C/5/c101C5/pyvrp_repair/seed-0001/checker.json","2755","BA4ACA30C4DA1604C1E997E6C10E72859338E4611CF23A6F1F19C12ABD59704E"
"raw/runs/C/5/c101C5/pyvrp_repair/seed-0001/result.json","8943","09066C7CE10EA529B77C8BB2F38AE39B45FC8E861C515E9971C23ED6324E72C7"
"raw/runs/C/5/c101C5/pyvrp_repair/seed-0001/runner.json","4062","6205A8361F0D3C57F1F14FB2273623B23986FD0FF222A063671EEED65FF32D35"
"raw/runs/C/5/c101C5/pyvrp_repair/seed-0001/stderr.log","22","1C33377AD542575B6EA6ABAFFD6DE31B94C0E669CC388CD7D2D2D3FF4E1D67E1"
"raw/runs/C/5/c101C5/pyvrp_repair/seed-0001/stdout.log","858","6DC71488F4D033289DA06E9F72584E229C01CE417E22D9D428BB571BE0FE251B"
"raw/runs/C/5/c101C5/routefinder_repair/seed-0001/checker.json","2872","23540D0F053B71792CFBEF80B29A2763325EE199EF981B3BEC06982105F301A2"
"raw/runs/C/5/c101C5/routefinder_repair/seed-0001/result.json","14702","5E86738B435C52284DA9776F3C9DCE67255CF05A0F17D206B3262BEF39058F3C"
"raw/runs/C/5/c101C5/routefinder_repair/seed-0001/runner.json","4695","829E3E5F061B87A7FBF087D202BC8F41F9A2B35B3011693F34FF836E3EF5C769"
"raw/runs/C/5/c101C5/routefinder_repair/seed-0001/stderr.log","184","91312B2DB57EF5CD9F88A678B57989ED62D958D771A8519A71F274BAA4A2B666"
"raw/runs/C/5/c101C5/routefinder_repair/seed-0001/stdout.log","1142","61CAA6F1397B6E0BAC80D1F93AB78DD9229308F132D0563D8C4AFE0926A9BF5E"
"raw/runs/C/5/c101C5/vns_ts/seed-0001/checker.json","2744","498DC1C24EE9B4A9A866C3520B11EFDF11D67071A910573EFF6ECE91728A5ECC"
"raw/runs/C/5/c101C5/vns_ts/seed-0001/result.json","217130","4147CEDC962E850B469DB33F0E462CB33E86F778C03BBE7A08D4922CEF5E3292"
"raw/runs/C/5/c101C5/vns_ts/seed-0001/runner.json","4054","7D083979BCC011F1FE759F2CE87CC129F6DBA14B149FFABED21611752E93B6AA"
"raw/runs/C/5/c101C5/vns_ts/seed-0001/stderr.log","22","1C33377AD542575B6EA6ABAFFD6DE31B94C0E669CC388CD7D2D2D3FF4E1D67E1"
"raw/runs/C/5/c101C5/vns_ts/seed-0001/stdout.log","23498","31A4FE9CF905F44C3C736197D16808F60A777EC0078378588C5603CDA58515E7"
"raw/runs/R/10/r102C10/pomo_repair/seed-0001/checker.json","3843","0F76C242FBEC9434CB7002C99F4DCBAEF7B9318C9356C069553C15F52D65779D"
"raw/runs/R/10/r102C10/pomo_repair/seed-0001/result.json","21631","801FECEE4B8EE967B47F27DBC40EA37999F1C38F3BE3B9FC26740C8FFDECC595"
"raw/runs/R/10/r102C10/pomo_repair/seed-0001/runner.json","4105","4448EB17A04ECD7BDD4637B0D5660A3696E53DDDBE52DB7789D924EF2BF97579"
"raw/runs/R/10/r102C10/pomo_repair/seed-0001/stderr.log","22","1C33377AD542575B6EA6ABAFFD6DE31B94C0E669CC388CD7D2D2D3FF4E1D67E1"
"raw/runs/R/10/r102C10/pomo_repair/seed-0001/stdout.log","1583","35F53EEA7CC742DFEBC1375C007D90699663AD7BECEE0CCD9F684CCF27705BB5"
"raw/runs/R/10/r102C10/pyga_checked/seed-0001/checker.json","4501","F0F21FA5F59976AF3C070A318C3EAA058A673D7B41DAD357178E72B86D874A23"
"raw/runs/R/10/r102C10/pyga_checked/seed-0001/pyga.csv","4958","93E0DAD9312F09828A84F4845948BCF4DF0D4A3461CBA0A9F7D85DD23A351C8D"
"raw/runs/R/10/r102C10/pyga_checked/seed-0001/pyga.log","9127","198C6BE9BCF10FF02760C6B8E912D45E524E87E9FAB1B5F04299CD4F79565615"
"raw/runs/R/10/r102C10/pyga_checked/seed-0001/result.json","57860","80D01777B0521CE727F3C965D6E0B3F69B20E7C4DF95F58E3704D17D20A48E66"
"raw/runs/R/10/r102C10/pyga_checked/seed-0001/runner.json","4818","8AB81FE470003A8142C41F43722379EE71685D08BCE19691D274EA6E275CF6D2"
"raw/runs/R/10/r102C10/pyga_checked/seed-0001/stderr.log","22","1C33377AD542575B6EA6ABAFFD6DE31B94C0E669CC388CD7D2D2D3FF4E1D67E1"
"raw/runs/R/10/r102C10/pyga_checked/seed-0001/stdout.log","1412","54F9B4B8F23AC89913291D46BB07FF075843F246672D5CDD66CC077227B98FF8"
"raw/runs/R/10/r102C10/pyvrp_repair/seed-0001/checker.json","3254","6CE5C399AADB0F95FE5D50B2D479F2B89E7312E436B7516EFBC0B22D6CFC3C89"
"raw/runs/R/10/r102C10/pyvrp_repair/seed-0001/result.json","11256","D1DE8D4642CB202A3087C8BF600948C7ED17495871AB22423DA992B85A6A4DBB"
"raw/runs/R/10/r102C10/pyvrp_repair/seed-0001/runner.json","4082","8874C5A090A9EBA63E24C8B4555C18F7439C2805B2D1D437061D82A40DD397BA"
"raw/runs/R/10/r102C10/pyvrp_repair/seed-0001/stderr.log","22","1C33377AD542575B6EA6ABAFFD6DE31B94C0E669CC388CD7D2D2D3FF4E1D67E1"
"raw/runs/R/10/r102C10/pyvrp_repair/seed-0001/stdout.log","863","01B95341E93D09A22B3B072CFAD02165524C9230640325CC2F1DDAE08C4041C9"
"raw/runs/R/10/r102C10/routefinder_repair/seed-0001/checker.json","3762","237318A06D11BBE400285FFBF8E3BEBDCB7C724C41C742A18DFC4689CDD141E4"
"raw/runs/R/10/r102C10/routefinder_repair/seed-0001/result.json","17655","120BDA23760E3FF81B995C281BF138B9F4C2C128966BD2C8194D49C832622DDC"
"raw/runs/R/10/r102C10/routefinder_repair/seed-0001/runner.json","4715","623DFB6B6F845D93F43EF8B1E2203618DF6D499ADB05B5C70E848AC45A39C864"
"raw/runs/R/10/r102C10/routefinder_repair/seed-0001/stderr.log","184","36B634C68741BD865FE50184FCD30FC449CE7D1F734B3FEDC80651E85699DB56"
"raw/runs/R/10/r102C10/routefinder_repair/seed-0001/stdout.log","1216","F0937EBA75059C28F3F2E1AB0C5A502F5C61BDB03249F43BECB948D60D9FFD6E"
"raw/runs/R/10/r102C10/vns_ts/seed-0001/checker.json","3242","DCE29EC46790AA7BF40A151ECCC426BF8010623CDA97F7AA3015516E15CCBBB0"
"raw/runs/R/10/r102C10/vns_ts/seed-0001/result.json","323823","A6A40B532B474024EBE496F26C6A48F704232115422097F3838289A177D08032"
"raw/runs/R/10/r102C10/vns_ts/seed-0001/runner.json","4074","AF0B9C25AC893FCE2800451117EC573A6F7162154F5C288E4F556A9068FF9296"
"raw/runs/R/10/r102C10/vns_ts/seed-0001/stderr.log","22","1C33377AD542575B6EA6ABAFFD6DE31B94C0E669CC388CD7D2D2D3FF4E1D67E1"
"raw/runs/R/10/r102C10/vns_ts/seed-0001/stdout.log","35060","98172893E4B488259DDE7EDA0846F46EC9C29AF1B96A72FC9C4E60BD7FDF23A6"
"raw/runs/R/15/r102C15/pomo_repair/seed-0001/checker.json","4687","14832323FC74173BB1D18F16790EDD7B74AF0BD50C7FA264DB369521FC945655"
"raw/runs/R/15/r102C15/pomo_repair/seed-0001/result.json","26363","C6409DE0697FCF13D12F70931B9D450037321AC3CDBA690B5F3B8AB2E678B321"
"raw/runs/R/15/r102C15/pomo_repair/seed-0001/runner.json","4105","2E4A78F30EB790A6408D6E10A06ADAF488333483BBB71F92B6DD9AC94DA210B1"
"raw/runs/R/15/r102C15/pomo_repair/seed-0001/stderr.log","22","1C33377AD542575B6EA6ABAFFD6DE31B94C0E669CC388CD7D2D2D3FF4E1D67E1"
"raw/runs/R/15/r102C15/pomo_repair/seed-0001/stdout.log","1787","80243EE2E0D414C6A319220BD25A740B6D7B2AB50CC51CB04009BB174CC4B0C9"
"raw/runs/R/15/r102C15/pyga_checked/seed-0001/checker.json","6141","2EE8BF7A9471C6B80310D5DD36DF7027D4E5C9E033820FA3D484908BA71ABCBD"
"raw/runs/R/15/r102C15/pyga_checked/seed-0001/pyga.csv","4970","4CCD6C04EE9D0AAECC1437EBE822D78B78FCF98173B608C4FB83F7A8A3B3A981"
"raw/runs/R/15/r102C15/pyga_checked/seed-0001/pyga.log","9269","51C07D23343FEC40C4A197924B00BBF372FCE8A32BAA7C73ACB8EAF7FE9EC284"
"raw/runs/R/15/r102C15/pyga_checked/seed-0001/result.json","62170","A138D4736F3804EB8AA9EE0596133A131F3E729AE6D04B9E6C5FB12F7D9F47A3"
"raw/runs/R/15/r102C15/pyga_checked/seed-0001/runner.json","4819","B2033682F1D56526865EC8F309D0081663FD6E5FCBE1A05D3C6BF20D5C0DBBAC"
"raw/runs/R/15/r102C15/pyga_checked/seed-0001/stderr.log","22","1C33377AD542575B6EA6ABAFFD6DE31B94C0E669CC388CD7D2D2D3FF4E1D67E1"
"raw/runs/R/15/r102C15/pyga_checked/seed-0001/stdout.log","1572","DD990CC3DFA13DF0A72180CF8718CD4C97E4C45A07326633CE6788826DD0DB4B"
"raw/runs/R/15/r102C15/pyvrp_repair/seed-0001/checker.json","4644","1EBABFE86F497B20CDDFAE85048CF4CFE6DA621583B577CAFDE091FC2D7B615B"
"raw/runs/R/15/r102C15/pyvrp_repair/seed-0001/result.json","18311","6055661429FC92635F98A71741664FDD5EDB4BCC376FB543D5DA80F837E809AC"
"raw/runs/R/15/r102C15/pyvrp_repair/seed-0001/runner.json","4082","F8554215A606A30B5E0761FEF4E721535B1FB302A13ADCBF0829C257786E24AE"
"raw/runs/R/15/r102C15/pyvrp_repair/seed-0001/stderr.log","22","1C33377AD542575B6EA6ABAFFD6DE31B94C0E669CC388CD7D2D2D3FF4E1D67E1"
"raw/runs/R/15/r102C15/pyvrp_repair/seed-0001/stdout.log","863","BBB83AEED903ED2C1C4E1B528FF8E79C89C52671C5BE76C36A0D873778C8A9DF"
"raw/runs/R/15/r102C15/routefinder_repair/seed-0001/checker.json","4741","7D9E5A744D52E7C2C8E44C00C24D96DC3E8D4280ED9916752BE9C2233E33DA6F"
"raw/runs/R/15/r102C15/routefinder_repair/seed-0001/result.json","24453","5148AEF3ED2DACEF643B6090B564BCDF5D843D7FCD5A136A29D24B43261237C0"
"raw/runs/R/15/r102C15/routefinder_repair/seed-0001/runner.json","4715","337ACFEE30A82CCDC857A6C9F88BA287938FCAF3816028E75B3024DB96E1F0ED"
"raw/runs/R/15/r102C15/routefinder_repair/seed-0001/stderr.log","184","6ADF7DB6852F2ACB792942D2A0DF6A12041B8F89F3B3727D1D22C872F3E007A4"
"raw/runs/R/15/r102C15/routefinder_repair/seed-0001/stdout.log","1288","43ED0FE99A125C7B4F40340230B313B4E6FF4F7B28ABB612E0701B99248B1378"
"raw/runs/R/15/r102C15/vns_ts/seed-0001/checker.json","4188","9D439A0D8009EBF0B29185EECE226B6B615B27585CAD7B4D4AD7126868DB659D"
"raw/runs/R/15/r102C15/vns_ts/seed-0001/result.json","538381","6FBD7497103070E6F82BF8C081C8388AD6350D7E6B9EFD8CB1FB4A57ABEE06F8"
"raw/runs/R/15/r102C15/vns_ts/seed-0001/runner.json","4074","18A6D3A2C3DE98C35EF5C61658F89C1D0B488F981AFEDA9C49CE7C17F81113B0"
"raw/runs/R/15/r102C15/vns_ts/seed-0001/stderr.log","22","1C33377AD542575B6EA6ABAFFD6DE31B94C0E669CC388CD7D2D2D3FF4E1D67E1"
"raw/runs/R/15/r102C15/vns_ts/seed-0001/stdout.log","58437","AD391571E7BE8CBC28D9B97F0A7030EBAD145059D211D00AA1015EF7A2E59ED1"
"raw/runs/R/5/r104C5/pomo_repair/seed-0001/checker.json","2738","99D13429D776A9999E0D1F26D0937CC57F5625317777E854217783923BC3A6DD"
"raw/runs/R/5/r104C5/pomo_repair/seed-0001/result.json","14099","CFD23CBEE22F70D6F28FC4B434EBF812401A8FDDA8D2893630189552F6FFA472"
"raw/runs/R/5/r104C5/pomo_repair/seed-0001/runner.json","4084","3CFCCAD4B2ADFF923D3BF6F1719E292D4438E0998195E12561839234C959E28A"
"raw/runs/R/5/r104C5/pomo_repair/seed-0001/stderr.log","22","1C33377AD542575B6EA6ABAFFD6DE31B94C0E669CC388CD7D2D2D3FF4E1D67E1"
"raw/runs/R/5/r104C5/pomo_repair/seed-0001/stdout.log","985","620E59E56648E459CE0A81198982B4F1FFB3CD1E86F06099074D1394459D4BE6"
"raw/runs/R/5/r104C5/pyga_checked/seed-0001/checker.json","3000","CFD91EC42EA69D31F8938E15EDA9B561C40C3470DDCAFA15C4D171E5248F544C"
"raw/runs/R/5/r104C5/pyga_checked/seed-0001/pyga.csv","4811","22B4FA66E6FA78FA1EEAAED85FEE91E588431C06191DBC2D88BCA456653629E6"
"raw/runs/R/5/r104C5/pyga_checked/seed-0001/pyga.log","8854","ECE68B0D93D05C7CB2D8077E71861C2822DB57641DD3FB38A844483C40C7484E"
"raw/runs/R/5/r104C5/pyga_checked/seed-0001/result.json","53939","D35776A17649C6216D7345AF188FA606BD03FB31D57A85A82A3CFD9E13F40512"
"raw/runs/R/5/r104C5/pyga_checked/seed-0001/runner.json","4787","953650281F99D2B4858BB2B291EB329C9B4E98D6A9D49709F6831CED8F35B1E7"
"raw/runs/R/5/r104C5/pyga_checked/seed-0001/stderr.log","22","1C33377AD542575B6EA6ABAFFD6DE31B94C0E669CC388CD7D2D2D3FF4E1D67E1"
"raw/runs/R/5/r104C5/pyga_checked/seed-0001/stdout.log","1313","C5ACC15C7351FC2A893D2F8903637DA3B5E3D73865A4FA4279B371AF5C90D00C"
"raw/runs/R/5/r104C5/pyvrp_repair/seed-0001/checker.json","2710","5C436D196AC7287AB192CFEEAFB877223DEDF80AC98311854EC77F1219A9A467"
"raw/runs/R/5/r104C5/pyvrp_repair/seed-0001/result.json","8040","F8D18D3C41E45672A8CD25581FBB41863DCA2BB15E40AC9A0087222591855A56"
"raw/runs/R/5/r104C5/pyvrp_repair/seed-0001/runner.json","4062","846BB27B30C27FA5D3B12D860D28E29869EE66EBE4BC43D07B44A91463C3AA96"
"raw/runs/R/5/r104C5/pyvrp_repair/seed-0001/stderr.log","22","1C33377AD542575B6EA6ABAFFD6DE31B94C0E669CC388CD7D2D2D3FF4E1D67E1"
"raw/runs/R/5/r104C5/pyvrp_repair/seed-0001/stdout.log","857","0C5971950761A674869667E961010DBEF12AE239DE4AE6ECD6C7AED8355F685D"
"raw/runs/R/5/r104C5/routefinder_repair/seed-0001/checker.json","2807","AF91A5BD56EF72F9066C570BAF286F3C1E5B6CE0EEE770600769C2F6F95E48A7"
"raw/runs/R/5/r104C5/routefinder_repair/seed-0001/result.json","12012","9FF72CC2590C072A1F3EE2974F0173FF3504A74A8A925FDAD1B0044F1D638911"
"raw/runs/R/5/r104C5/routefinder_repair/seed-0001/runner.json","4695","393E769C19F4453E0033E2BFA616F2B93780E46F0022E35F03DB03A5E24F543F"
"raw/runs/R/5/r104C5/routefinder_repair/seed-0001/stderr.log","183","EBD8CE03D0C8B1CBCA0DB58D025AF589BDC9FF60DBF04A4E18292D3F7F1DAFF2"
"raw/runs/R/5/r104C5/routefinder_repair/seed-0001/stdout.log","1128","36BD1B5B8E8C41871E65B0B97DB9F4297505A4B8CF9659526D0198EBC46B0EE0"
"raw/runs/R/5/r104C5/vns_ts/seed-0001/checker.json","2698","0F2AB9D0C1B261FA1BFB94AD42E20B02A3B8A7005C054FA55D2B048A1FE6B3DA"
"raw/runs/R/5/r104C5/vns_ts/seed-0001/result.json","216632","360CD50629353145DFD677802065F7A162AB0EFD1C5C89FE4F114B95BA3A45EA"
"raw/runs/R/5/r104C5/vns_ts/seed-0001/runner.json","4053","10F0A7C50A5395C7042766FA1343E62875CEF3C1F3CF40D0D906AF6B03A1B850"
"raw/runs/R/5/r104C5/vns_ts/seed-0001/stderr.log","22","1C33377AD542575B6EA6ABAFFD6DE31B94C0E669CC388CD7D2D2D3FF4E1D67E1"
"raw/runs/R/5/r104C5/vns_ts/seed-0001/stdout.log","23314","F11754F8E60BBC469F9FA66E199A81751DD3C45CFEA28BA6E8F3CD89B54269FD"
"raw/runs/RC/10/rc102C10/pomo_repair/seed-0001/checker.json","3633","5CF9A5AFAE5887DD32B9BF84CF9F4703C466A05F56018A0A94C2A97CA945B7EE"
"raw/runs/RC/10/rc102C10/pomo_repair/seed-0001/result.json","18747","6175375F9075B2B1B0BB0CD5E83B46C3041C84CE9CD1FEB9E23746F8AAB0FE58"
"raw/runs/RC/10/rc102C10/pomo_repair/seed-0001/runner.json","4127","6B21AEA41E8E429F615B8FD590FA5F804A38B2CC93C09172A7370D5B0C125F41"
"raw/runs/RC/10/rc102C10/pomo_repair/seed-0001/stderr.log","22","1C33377AD542575B6EA6ABAFFD6DE31B94C0E669CC388CD7D2D2D3FF4E1D67E1"
"raw/runs/RC/10/rc102C10/pomo_repair/seed-0001/stdout.log","1951","35496512F9A16CA68AE6D274AA154BB58E5028B5475AF36228DB4B699473613F"
"raw/runs/RC/10/rc102C10/pyga_checked/seed-0001/checker.json","5069","A297405D3A7F15E32541AEAB6ED6B3E97CE5F745C311EC138E4114082B85F384"
"raw/runs/RC/10/rc102C10/pyga_checked/seed-0001/pyga.csv","4923","D1D17EA8F6FE039571E4B9C99135419E0BC76220F5FBE741B58A7BA9795AE7DD"
"raw/runs/RC/10/rc102C10/pyga_checked/seed-0001/pyga.log","9123","74926CDD11653F72A88E0AAAF8F811D446F0D1FAA5248B6EB86A81C1C085043A"
"raw/runs/RC/10/rc102C10/pyga_checked/seed-0001/result.json","58612","907C31DEACF91216BEDA79CC8DCDE947E3D415EC1C7BF9B356AFAA4D8357140A"
"raw/runs/RC/10/rc102C10/pyga_checked/seed-0001/runner.json","4851","BED9DB4964E057564D8DF4ADA73954743AF5FCADF58911E460989052A77B18F8"
"raw/runs/RC/10/rc102C10/pyga_checked/seed-0001/stderr.log","22","1C33377AD542575B6EA6ABAFFD6DE31B94C0E669CC388CD7D2D2D3FF4E1D67E1"
"raw/runs/RC/10/rc102C10/pyga_checked/seed-0001/stdout.log","1488","8A0A0BE67DEA190B469ED94AE65B29E54808F4E8D84974B0D364598E2C25C923"
"raw/runs/RC/10/rc102C10/pyvrp_repair/seed-0001/checker.json","3639","4A2D0399F4A78D9F70FE621D96DA86D786C706F4BAD748B8E640DAB39B822735"
"raw/runs/RC/10/rc102C10/pyvrp_repair/seed-0001/result.json","11034","2F30611090C1A7345B334C0A3F225F307A26D2F7C67EAEF4616B36592E6A5176"
"raw/runs/RC/10/rc102C10/pyvrp_repair/seed-0001/runner.json","4104","E572D66B92051807DF14827052797F167CEF4B9E38BF18034AF1E2E1322FDE39"
"raw/runs/RC/10/rc102C10/pyvrp_repair/seed-0001/stderr.log","22","1C33377AD542575B6EA6ABAFFD6DE31B94C0E669CC388CD7D2D2D3FF4E1D67E1"
"raw/runs/RC/10/rc102C10/pyvrp_repair/seed-0001/stdout.log","1774","623B76BF5402B391176A34F369BBA3C2253D9E92EE95BE92064DAA5A8934AD56"
"raw/runs/RC/10/rc102C10/routefinder_repair/seed-0001/checker.json","3990","8682860DDAA18CD53DA0324C22654C21B1238CDBF55ADE599BACE785E2A25D06"
"raw/runs/RC/10/rc102C10/routefinder_repair/seed-0001/result.json","32082","95B1FC6BE8F3BF64D94135BC3E565339EE6B74FE467A6DD0807150AB9DF216E6"
"raw/runs/RC/10/rc102C10/routefinder_repair/seed-0001/runner.json","4737","97B7B1B63CB66F6DFAE3929203C8A03992C9AD1AD37E38D2CCC3882774AD43C5"
"raw/runs/RC/10/rc102C10/routefinder_repair/seed-0001/stderr.log","184","BA841245466FB695CAE2CC4C923025735A84EC7E84BA1DA646119F2A4EABAFD2"
"raw/runs/RC/10/rc102C10/routefinder_repair/seed-0001/stdout.log","1787","3F645C701A6A7C9381AB0EC11E999B913E6866415A228AB375211E54FD9D742D"
"raw/runs/RC/10/rc102C10/vns_ts/seed-0001/checker.json","3886","BF07F8A8E3AB5C5520CC5C994C4B095E5744FA2E70E95C5201D6FFFE3527F7EB"
"raw/runs/RC/10/rc102C10/vns_ts/seed-0001/result.json","429780","881E791991B469A65524FB5CCE60C7C0BF11EA16B41D3BB7DA3544B8004087B7"
"raw/runs/RC/10/rc102C10/vns_ts/seed-0001/runner.json","4097","E47D271247EC8148A93302C196F0069917BE80FB8EAB4129357BEF77A38EE061"
"raw/runs/RC/10/rc102C10/vns_ts/seed-0001/stderr.log","22","1C33377AD542575B6EA6ABAFFD6DE31B94C0E669CC388CD7D2D2D3FF4E1D67E1"
"raw/runs/RC/10/rc102C10/vns_ts/seed-0001/stdout.log","46952","AA7A0373160967900DE872CD9789535EAE804E6C262CFBAD22C1357D0B0A080E"
"raw/runs/RC/15/rc103C15/pyvrp_repair/seed-0001/checker.json","3776","2E04D084D41ECBCCAB4F906DC67FB4CCE0D1E738602E721567A05010463946FC"
"raw/runs/RC/15/rc103C15/pyvrp_repair/seed-0001/result.json","14002","4CF15EE4119851909F2E81C060E74B9FD312F6D1E4DADCE0A97A9DC98659DEEE"
"raw/runs/RC/15/rc103C15/pyvrp_repair/seed-0001/runner.json","4104","F376B9E4DC7C01CD08266CC6A7100877CAB800F1D207F3A30ADDCB0A288CA660"
"raw/runs/RC/15/rc103C15/pyvrp_repair/seed-0001/stderr.log","22","1C33377AD542575B6EA6ABAFFD6DE31B94C0E669CC388CD7D2D2D3FF4E1D67E1"
"raw/runs/RC/15/rc103C15/pyvrp_repair/seed-0001/stdout.log","869","BBB9D058B4DFF9334A56C61EC9A515E73AA77112D91C67F6DADCBA8051EED0AE"
"raw/runs/RC/5/rc105C5/pomo_repair/seed-0001/checker.json","3120","AA2CA2B94DE0FC926B7D52A61DEE8931EE012431592AE3BE0CB88CFA80CA215B"
"raw/runs/RC/5/rc105C5/pomo_repair/seed-0001/result.json","13674","DFD1A9CAF7325361CAABB871ED500B7EAB5FB20A7980A1A35EB572DC58A48BA8"
"raw/runs/RC/5/rc105C5/pomo_repair/seed-0001/runner.json","4107","29B68247A7AA403B09E728739387C600B2DDAD2DF15E6E0649AD085F567F3330"
"raw/runs/RC/5/rc105C5/pomo_repair/seed-0001/stderr.log","22","1C33377AD542575B6EA6ABAFFD6DE31B94C0E669CC388CD7D2D2D3FF4E1D67E1"
"raw/runs/RC/5/rc105C5/pomo_repair/seed-0001/stdout.log","981","972A789188F1D700BE34DDB4C28A182FD15B3A24A75A71B36E1A34F3E8259AC8"
"raw/runs/RC/5/rc105C5/pyga_checked/seed-0001/checker.json","3417","A94902617683C80E960D13F1185DB4030ADA2414056965C2EAC798057203575C"
"raw/runs/RC/5/rc105C5/pyga_checked/seed-0001/pyga.csv","4915","406F585E79DA1FB243366BF3ACA55345A76BA0102DE5B21A6D73EE29479961CC"
"raw/runs/RC/5/rc105C5/pyga_checked/seed-0001/pyga.log","8988","9F90FDC97748C19A00CDB06C3BECF8D4EF11EED6FD07E783689C4FB444953930"
"raw/runs/RC/5/rc105C5/pyga_checked/seed-0001/result.json","55107","53D36B6C61371A2AFD9A4C312CCA3CC5924FFFCB53AE679BB4D62B1206BFC09B"
"raw/runs/RC/5/rc105C5/pyga_checked/seed-0001/runner.json","4819","517772EEF57D9E6549A13D9001A742B09A7DF5047D3303A8B7DDE8F16670CE32"
"raw/runs/RC/5/rc105C5/pyga_checked/seed-0001/stderr.log","22","1C33377AD542575B6EA6ABAFFD6DE31B94C0E669CC388CD7D2D2D3FF4E1D67E1"
"raw/runs/RC/5/rc105C5/pyga_checked/seed-0001/stdout.log","1318","3DD64F21C1EC98BC1191F9C0499F77BF2BAA4FF7E59D8A40DCE2F37B48CEBC24"
"raw/runs/RC/5/rc105C5/pyvrp_repair/seed-0001/checker.json","3145","143599F26406C81A47E7E854F9C3F0B77BF4FCC843C18CD7AA8A632B3D264507"
"raw/runs/RC/5/rc105C5/pyvrp_repair/seed-0001/result.json","9521","045B91A41851DC6F7427D8676B418545E6A6EA2864776CE908590FDBC73E84E0"
"raw/runs/RC/5/rc105C5/pyvrp_repair/seed-0001/runner.json","4084","9B77162B1C5926587C67861B34DA9B28FCD4B2BBB954003F3AAEDE50B2426FEB"
"raw/runs/RC/5/rc105C5/pyvrp_repair/seed-0001/stderr.log","22","1C33377AD542575B6EA6ABAFFD6DE31B94C0E669CC388CD7D2D2D3FF4E1D67E1"
"raw/runs/RC/5/rc105C5/pyvrp_repair/seed-0001/stdout.log","863","8860CE682151FFA551A1166281DA157A4D778B29D36DF7F955C28C1C736FC9AA"
"raw/runs/RC/5/rc105C5/routefinder_repair/seed-0001/checker.json","3242","F5C27CEF53DA09C90046E37F634B4A3A5AC70740450E0AB68EDE21FFE221C3F4"
"raw/runs/RC/5/rc105C5/routefinder_repair/seed-0001/result.json","14150","99CCBA8D826CA5D4C125339D671D4B0C1E4E9949185C65C18F1D5EFD97CD05C9"
"raw/runs/RC/5/rc105C5/routefinder_repair/seed-0001/runner.json","4716","E3583FC324AFF3D3086E622839D54D81B467E5B501A9259DF52872CA5A6F6FF4"
"raw/runs/RC/5/rc105C5/routefinder_repair/seed-0001/stderr.log","183","B993C803AA0D9E1053113BEB90B89E2123BDA01F9231DBA7127790F068B24E7F"
"raw/runs/RC/5/rc105C5/routefinder_repair/seed-0001/stdout.log","1142","24E8E8B21EAA46189DA5D98BB75712B2821AADDBD2E1AF0AE797BF5A23042FE5"
"raw/runs/RC/5/rc105C5/vns_ts/seed-0001/checker.json","2756","E61C0EF883FF7590386B7C0B18B6220AF5FB724D9FB35A9038967F2D77315C22"
"raw/runs/RC/5/rc105C5/vns_ts/seed-0001/result.json","218934","4FE71D71047A5FAF4D581F60D9F1141D2507FECBCB83355BF0293B3E89137CD4"
"raw/runs/RC/5/rc105C5/vns_ts/seed-0001/runner.json","4076","1C9A786897D49E8F0C98CE464AB1806EAD0F884DC499EC88EDF6DBE15B09C6B4"
"raw/runs/RC/5/rc105C5/vns_ts/seed-0001/stderr.log","22","1C33377AD542575B6EA6ABAFFD6DE31B94C0E669CC388CD7D2D2D3FF4E1D67E1"
"raw/runs/RC/5/rc105C5/vns_ts/seed-0001/stdout.log","23425","5CA19CF6E8E7FF1155A5B9A7ECDF6ACA97A4148806CECE0C90456434684CBF0D"
"raw/validator-smoke/missing-output.json","1675","9DF8A99536C642CFF595C701E70D51AFA5EE9C41D2616926AA1A6EB607C4DB95"
"raw/validator-smoke/pomo_repair.json","2723","7892922E834F97B3F72B579E022B62C3F6C0D101EA0D633BFA0C32083CE20BF8"
"raw/validator-smoke/pyga_checked.json","3221","BB1EA1B68B87CEBB3A3E70590EB79BFB7F8D856DB8703F30080A60927FC3278C"
"raw/validator-smoke/pyvrp_repair.json","2729","5A6AA47FCA85291DC9E015BA0F1033ABCD1346961F73037B9E1A910D0E56CC63"
"raw/validator-smoke/routefinder_repair.json","2794","07A32B852486A3EE654E0B682DB5E3964216D754F144EDDFC8CE656A41A78F5C"
"raw/validator-smoke/routefinder-compaction.json","2854","548A3AB05E8CC143C5927689DF5A3A3B5DC57B24D89CF613AA651FCEA606DBE8"
"raw/validator-smoke/routefinder-no-compaction.json","2792","8790E236293F06990463628BE0787BE2585472E4EBA29F66F77C47592E5F06AE"
"raw/validator-smoke/spoofed-method.json","3032","CABE9D9804CF8C7097EDA379E717D37F7F1EBB056B88CA7CACECA8C89AE360B6"
"raw/validator-smoke/vns_ts.json","2718","444D337DD8083CDBF334EC4545B887980C3C586F27D95CE8C9E7FC6C3997A8F2"
"results/cells.csv","2236","49B967082DDDB4991E927701642B65EAE12FC6B68779F4F2DEAADA6F3DD910E6"
"results/failures.csv","9436","5D988FD4D687F17818B913518C051E73AA61284EFE8D0B18E55414B9D787AF5C"
"results/runs.csv","50793","B92623CF0F2987A3DC777F9168D5692E10772F0DEE0BAD6D2C61B4DD0CE7B552"
"results/summarizer.stderr.log","763","7B582E85B834D7921DA12E5C2B26D0403984AB08E5694E18DFF0F46635F6F318"
"results/summarizer.stdout.log","5","F01A374E9C81E3DB89B3A42940C4D6A5447684986A1296E42BF13F196EED6295"
"results/summary.json","11669","7F8A82717205F8CBAAC55E397AFE34D3D83EF713F85C1ADF2B4BB7CF4BBDE3FE"
"results/summary.md","6211","CFC79B84B3A60E94BF8C8483F7EA298884701D6790E34D79192B92FCBEECBB4A"
"SNAPSHOT.md","2525","57A2E2E6D424798937B5E6D53B416129F827BC41C004ED1BEC9D58649EC12099"
